Sequence name/ Order	0	1	2	3	4	5	6	7	8	9	10	11	12	13	14	15	16	17	18	19	20	21	22	23	24	25	26	27	28	29	30	31	32	33	34	35	36	37	38	39	40	41	42	43	44	45	46	47	48	49	50	51	52	53	54	55	56	57	58	59	60	61	62	63	64	65	66	67	68	69	70	71	72	73	74	75	76	77	78	79	80	81	82	83	84	85	86	87	88	89	90	91	92	93	94	95	96	97	98	99	100	101	102	103	104	105	106	107	108	109	110	111	112	113	114	115	116	117	118	119	120	121	122	123	124	125	126	127	128	129	130	131	132	133	134	135	136	137	138	139	140	141	142	143
A	0_primer-funct-4_floor-cleaner-4	1__4_bottomright	2_4_floor-cleaner-4	3_primer-funct-5_car-front-seat-4	4__2_topright	5_5_car-front-seat-4	6_primer-funct-7_coffee-4	7__1_bottomleft	8_7_coffee-4	9_primer-emo-9_furniture-4	10__3_topleft	11_9_furniture-4	12_primer-funct-5_car-front-seat	13__3_topleft	14_5_car-front-seat	15_primer-funct-6_bag-4	16__2_topright	17_6_bag-4	18_primer-funct-1_kitchen	19__4_bottomright	20_1_kitchen	21_primer-funct-4_floor-cleaner-1	22__2_topright	23_4_floor-cleaner-1	24_primer-emo-1_kitchen-1	25__2_topright	26_1_kitchen-1	27_primer-funct-8_instrument-2	28__2_topright	29_8_instrument-2	30_primer-funct-4_floor-cleaner	31__3_topleft	32_4_floor-cleaner	33_primer-funct-8_instrument-4	34__4_bottomright	35_8_instrument-4	36_primer-funct-9_furniture-3	37__2_topright	38_9_furniture-3	39_primer-emo-4_floor-cleaner-3	40__3_topleft	41_4_floor-cleaner-3	42_primer-funct-3_house-4	43__2_topright	44_3_house-4	45_primer-funct-10_boat-4	46__1_bottomleft	47_10_boat-4	48_primer-funct-1_kitchen-3	49__1_bottomleft	50_1_kitchen-3	51_primer-funct-3_house-2	52__2_topright	53_3_house-2	54_primer-funct-7_coffee	55__2_topright	56_7_coffee	57_primer-funct-2_car-inside-1	58__2_topright	59_2_car-inside-1	60_primer-funct-2_car-inside-4	61__1_bottomleft	62_2_car-inside-4	63_primer-funct-8_instrument	64__3_topleft	65_8_instrument	66_primer-emo-6_bag-1	67__4_bottomright	68_6_bag-1	69_primer-funct-3_house-1	70__2_topright	71_3_house-1	72_primer-funct-10_boat-1	73__4_bottomright	74_10_boat-1	75_primer-funct-3_house	76__1_bottomleft	77_3_house	78_primer-emo-7_coffee-3	79__4_bottomright	80_7_coffee-3	81_primer-emo-10_boat	82__1_bottomleft	83_10_boat	84_primer-emo-7_coffee-1	85__2_topright	86_7_coffee-1	87_primer-emo-2_car-inside	88__4_bottomright	89_2_car-inside	90_primer-funct-10_boat-2	91__1_bottomleft	92_10_boat-2	93_primer-emo-6_bag-2	94__1_bottomleft	95_6_bag-2	96_primer-funct-3_house-3	97__2_topright	98_3_house-3	99_primer-emo-4_floor-cleaner-2	100__4_bottomright	101_4_floor-cleaner-2	102_primer-emo-7_coffee-2	103__4_bottomright	104_7_coffee-2	105_primer-funct-10_boat-3	106__4_bottomright	107_10_boat-3	108_primer-emo-1_kitchen-2	109__3_topleft	110_1_kitchen-2	111_primer-emo-2_car-inside-2	112__4_bottomright	113_2_car-inside-2	114_primer-funct-9_furniture-2	115__3_topleft	116_9_furniture-2	117_primer-emo-9_furniture-1	118__1_bottomleft	119_9_furniture-1	120_primer-funct-6_bag-3	121__1_bottomleft	122_6_bag-3	123_primer-emo-2_car-inside-3	124__2_topright	125_2_car-inside-3	126_primer-emo-5_car-front-seat-1	127__4_bottomright	128_5_car-front-seat-1	129_primer-emo-8_instrument-1	130__4_bottomright	131_8_instrument-1	132_primer-emo-6_bag	133__3_topleft	134_6_bag	135_primer-emo-1_kitchen-4	136__2_topright	137_1_kitchen-4	138_primer-emo-8_instrument-3	139__4_bottomright	140_8_instrument-3	141_primer-funct-9_furniture	142__1_bottomleft	143_9_furniture
B	0_primer-emo-4_floor-cleaner-4	1__4_bottomright	2_4_floor-cleaner-4	3_primer-emo-5_car-front-seat-4	4__2_topright	5_5_car-front-seat-4	6_primer-emo-7_coffee-4	7__1_bottomleft	8_7_coffee-4	9_primer-funct-9_furniture-4	10__3_topleft	11_9_furniture-4	12_primer-emo-5_car-front-seat	13__3_topleft	14_5_car-front-seat	15_primer-emo-6_bag-4	16__2_topright	17_6_bag-4	18_primer-emo-1_kitchen	19__4_bottomright	20_1_kitchen	21_primer-emo-4_floor-cleaner-1	22__2_topright	23_4_floor-cleaner-1	24_primer-funct-1_kitchen-1	25__2_topright	26_1_kitchen-1	27_primer-emo-8_instrument-2	28__2_topright	29_8_instrument-2	30_primer-emo-4_floor-cleaner	31__3_topleft	32_4_floor-cleaner	33_primer-emo-8_instrument-4	34__4_bottomright	35_8_instrument-4	36_primer-emo-9_furniture-3	37__2_topright	38_9_furniture-3	39_primer-funct-4_floor-cleaner-3	40__3_topleft	41_4_floor-cleaner-3	42_primer-emo-3_house-4	43__2_topright	44_3_house-4	45_primer-emo-10_boat-4	46__1_bottomleft	47_10_boat-4	48_primer-emo-1_kitchen-3	49__1_bottomleft	50_1_kitchen-3	51_primer-emo-3_house-2	52__2_topright	53_3_house-2	54_primer-emo-7_coffee	55__2_topright	56_7_coffee	57_primer-emo-2_car-inside-1	58__2_topright	59_2_car-inside-1	60_primer-emo-2_car-inside-4	61__1_bottomleft	62_2_car-inside-4	63_primer-emo-8_instrument	64__3_topleft	65_8_instrument	66_primer-funct-6_bag-1	67__4_bottomright	68_6_bag-1	69_primer-emo-3_house-1	70__2_topright	71_3_house-1	72_primer-emo-10_boat-1	73__4_bottomright	74_10_boat-1	75_primer-emo-3_house	76__1_bottomleft	77_3_house	78_primer-funct-7_coffee-3	79__4_bottomright	80_7_coffee-3	81_primer-funct-10_boat	82__1_bottomleft	83_10_boat	84_primer-funct-7_coffee-1	85__2_topright	86_7_coffee-1	87_primer-funct-2_car-inside	88__4_bottomright	89_2_car-inside	90_primer-emo-10_boat-2	91__1_bottomleft	92_10_boat-2	93_primer-funct-6_bag-2	94__1_bottomleft	95_6_bag-2	96_primer-emo-3_house-3	97__2_topright	98_3_house-3	99_primer-funct-4_floor-cleaner-2	100__4_bottomright	101_4_floor-cleaner-2	102_primer-funct-7_coffee-2	103__4_bottomright	104_7_coffee-2	105_primer-emo-10_boat-3	106__4_bottomright	107_10_boat-3	108_primer-funct-1_kitchen-2	109__3_topleft	110_1_kitchen-2	111_primer-funct-2_car-inside-2	112__4_bottomright	113_2_car-inside-2	114_primer-emo-9_furniture-2	115__3_topleft	116_9_furniture-2	117_primer-funct-9_furniture-1	118__1_bottomleft	119_9_furniture-1	120_primer-emo-6_bag-3	121__1_bottomleft	122_6_bag-3	123_primer-funct-2_car-inside-3	124__2_topright	125_2_car-inside-3	126_primer-funct-5_car-front-seat-1	127__4_bottomright	128_5_car-front-seat-1	129_primer-funct-8_instrument-1	130__4_bottomright	131_8_instrument-1	132_primer-funct-6_bag	133__3_topleft	134_6_bag	135_primer-funct-1_kitchen-4	136__2_topright	137_1_kitchen-4	138_primer-funct-8_instrument-3	139__4_bottomright	140_8_instrument-3	141_primer-emo-9_furniture	142__1_bottomleft	143_9_furniture
C	123_primer-emo-2_car-inside-3	100__4_bottomright	125_2_car-inside-3	120_primer-funct-6_bag-3	67__4_bottomright	122_6_bag-3	126_primer-emo-5_car-front-seat-1	112__4_bottomright	128_5_car-front-seat-1	48_primer-funct-1_kitchen-3	70__2_topright	50_1_kitchen-3	105_primer-funct-10_boat-3	97__2_topright	107_10_boat-3	141_primer-funct-9_furniture	25__2_topright	143_9_furniture	36_primer-funct-9_furniture-3	55__2_topright	38_9_furniture-3	39_primer-emo-4_floor-cleaner-3	52__2_topright	41_4_floor-cleaner-3	99_primer-emo-4_floor-cleaner-2	19__4_bottomright	101_4_floor-cleaner-2	45_primer-funct-10_boat-4	1__4_bottomright	47_10_boat-4	6_primer-funct-7_coffee-4	142__1_bottomleft	8_7_coffee-4	60_primer-funct-2_car-inside-4	16__2_topright	62_2_car-inside-4	57_primer-funct-2_car-inside-1	7__1_bottomleft	59_2_car-inside-1	138_primer-emo-8_instrument-3	127__4_bottomright	140_8_instrument-3	12_primer-funct-5_car-front-seat	61__1_bottomleft	14_5_car-front-seat	3_primer-funct-5_car-front-seat-4	103__4_bottomright	5_5_car-front-seat-4	90_primer-funct-10_boat-2	121__1_bottomleft	92_10_boat-2	75_primer-funct-3_house	85__2_topright	77_3_house	117_primer-emo-9_furniture-1	28__2_topright	119_9_furniture-1	27_primer-funct-8_instrument-2	94__1_bottomleft	29_8_instrument-2	42_primer-funct-3_house-4	106__4_bottomright	44_3_house-4	18_primer-funct-1_kitchen	58__2_topright	20_1_kitchen	9_primer-emo-9_furniture-4	82__1_bottomleft	11_9_furniture-4	108_primer-emo-1_kitchen-2	37__2_topright	110_1_kitchen-2	87_primer-emo-2_car-inside	109__3_topleft	89_2_car-inside	15_primer-funct-6_bag-4	139__4_bottomright	17_6_bag-4	51_primer-funct-3_house-2	64__3_topleft	53_3_house-2	135_primer-emo-1_kitchen-4	46__1_bottomleft	137_1_kitchen-4	114_primer-funct-9_furniture-2	130__4_bottomright	116_9_furniture-2	81_primer-emo-10_boat	4__2_topright	83_10_boat	69_primer-funct-3_house-1	22__2_topright	71_3_house-1	84_primer-emo-7_coffee-1	13__3_topleft	86_7_coffee-1	63_primer-funct-8_instrument	91__1_bottomleft	65_8_instrument	0_primer-funct-4_floor-cleaner-4	49__1_bottomleft	2_4_floor-cleaner-4	132_primer-emo-6_bag	118__1_bottomleft	134_6_bag	102_primer-emo-7_coffee-2	76__1_bottomleft	104_7_coffee-2	96_primer-funct-3_house-3	73__4_bottomright	98_3_house-3	72_primer-funct-10_boat-1	115__3_topleft	74_10_boat-1	66_primer-emo-6_bag-1	88__4_bottomright	68_6_bag-1	24_primer-emo-1_kitchen-1	133__3_topleft	26_1_kitchen-1	111_primer-emo-2_car-inside-2	10__3_topleft	113_2_car-inside-2	78_primer-emo-7_coffee-3	40__3_topleft	80_7_coffee-3	129_primer-emo-8_instrument-1	43__2_topright	131_8_instrument-1	93_primer-emo-6_bag-2	31__3_topleft	95_6_bag-2	21_primer-funct-4_floor-cleaner-1	136__2_topright	23_4_floor-cleaner-1	30_primer-funct-4_floor-cleaner	124__2_topright	32_4_floor-cleaner	33_primer-funct-8_instrument-4	79__4_bottomright	35_8_instrument-4	54_primer-funct-7_coffee	34__4_bottomright	56_7_coffee
D	123_primer-funct-2_car-inside-3	100__4_bottomright	125_2_car-inside-3	120_primer-emo-6_bag-3	67__4_bottomright	122_6_bag-3	126_primer-funct-5_car-front-seat-1	112__4_bottomright	128_5_car-front-seat-1	48_primer-emo-1_kitchen-3	70__2_topright	50_1_kitchen-3	105_primer-emo-10_boat-3	97__2_topright	107_10_boat-3	141_primer-emo-9_furniture	25__2_topright	143_9_furniture	36_primer-emo-9_furniture-3	55__2_topright	38_9_furniture-3	39_primer-funct-4_floor-cleaner-3	52__2_topright	41_4_floor-cleaner-3	99_primer-funct-4_floor-cleaner-2	19__4_bottomright	101_4_floor-cleaner-2	45_primer-emo-10_boat-4	1__4_bottomright	47_10_boat-4	6_primer-emo-7_coffee-4	142__1_bottomleft	8_7_coffee-4	60_primer-emo-2_car-inside-4	16__2_topright	62_2_car-inside-4	57_primer-emo-2_car-inside-1	7__1_bottomleft	59_2_car-inside-1	138_primer-funct-8_instrument-3	127__4_bottomright	140_8_instrument-3	12_primer-emo-5_car-front-seat	61__1_bottomleft	14_5_car-front-seat	3_primer-emo-5_car-front-seat-4	103__4_bottomright	5_5_car-front-seat-4	90_primer-emo-10_boat-2	121__1_bottomleft	92_10_boat-2	75_primer-emo-3_house	85__2_topright	77_3_house	117_primer-funct-9_furniture-1	28__2_topright	119_9_furniture-1	27_primer-emo-8_instrument-2	94__1_bottomleft	29_8_instrument-2	42_primer-emo-3_house-4	106__4_bottomright	44_3_house-4	18_primer-emo-1_kitchen	58__2_topright	20_1_kitchen	9_primer-funct-9_furniture-4	82__1_bottomleft	11_9_furniture-4	108_primer-funct-1_kitchen-2	37__2_topright	110_1_kitchen-2	87_primer-funct-2_car-inside	109__3_topleft	89_2_car-inside	15_primer-emo-6_bag-4	139__4_bottomright	17_6_bag-4	51_primer-emo-3_house-2	64__3_topleft	53_3_house-2	135_primer-funct-1_kitchen-4	46__1_bottomleft	137_1_kitchen-4	114_primer-emo-9_furniture-2	130__4_bottomright	116_9_furniture-2	81_primer-funct-10_boat	4__2_topright	83_10_boat	69_primer-emo-3_house-1	22__2_topright	71_3_house-1	84_primer-funct-7_coffee-1	13__3_topleft	86_7_coffee-1	63_primer-emo-8_instrument	91__1_bottomleft	65_8_instrument	0_primer-emo-4_floor-cleaner-4	49__1_bottomleft	2_4_floor-cleaner-4	132_primer-funct-6_bag	118__1_bottomleft	134_6_bag	102_primer-funct-7_coffee-2	76__1_bottomleft	104_7_coffee-2	96_primer-emo-3_house-3	73__4_bottomright	98_3_house-3	72_primer-emo-10_boat-1	115__3_topleft	74_10_boat-1	66_primer-funct-6_bag-1	88__4_bottomright	68_6_bag-1	24_primer-funct-1_kitchen-1	133__3_topleft	26_1_kitchen-1	111_primer-funct-2_car-inside-2	10__3_topleft	113_2_car-inside-2	78_primer-funct-7_coffee-3	40__3_topleft	80_7_coffee-3	129_primer-funct-8_instrument-1	43__2_topright	131_8_instrument-1	93_primer-funct-6_bag-2	31__3_topleft	95_6_bag-2	21_primer-emo-4_floor-cleaner-1	136__2_topright	23_4_floor-cleaner-1	30_primer-emo-4_floor-cleaner	124__2_topright	32_4_floor-cleaner	33_primer-emo-8_instrument-4	79__4_bottomright	35_8_instrument-4	54_primer-emo-7_coffee	34__4_bottomright	56_7_coffee
E	0_primer-funct-4_floor-cleaner-4	124__2_topright	2_4_floor-cleaner-4	135_primer-emo-1_kitchen-4	34__4_bottomright	137_1_kitchen-4	75_primer-funct-3_house	94__1_bottomleft	77_3_house	96_primer-funct-3_house-3	19__4_bottomright	98_3_house-3	93_primer-emo-6_bag-2	13__3_topleft	95_6_bag-2	105_primer-funct-10_boat-3	121__1_bottomleft	107_10_boat-3	12_primer-funct-5_car-front-seat	79__4_bottomright	14_5_car-front-seat	66_primer-emo-6_bag-1	31__3_topleft	68_6_bag-1	45_primer-funct-10_boat-4	10__3_topleft	47_10_boat-4	90_primer-funct-10_boat-2	22__2_topright	92_10_boat-2	129_primer-emo-8_instrument-1	61__1_bottomleft	131_8_instrument-1	48_primer-funct-1_kitchen-3	4__2_topright	50_1_kitchen-3	114_primer-funct-9_furniture-2	82__1_bottomleft	116_9_furniture-2	126_primer-emo-5_car-front-seat-1	16__2_topright	128_5_car-front-seat-1	117_primer-emo-9_furniture-1	133__3_topleft	119_9_furniture-1	3_primer-funct-5_car-front-seat-4	64__3_topleft	5_5_car-front-seat-4	36_primer-funct-9_furniture-3	103__4_bottomright	38_9_furniture-3	141_primer-funct-9_furniture	1__4_bottomright	143_9_furniture	111_primer-emo-2_car-inside-2	85__2_topright	113_2_car-inside-2	57_primer-funct-2_car-inside-1	49__1_bottomleft	59_2_car-inside-1	63_primer-funct-8_instrument	28__2_topright	65_8_instrument	6_primer-funct-7_coffee-4	43__2_topright	8_7_coffee-4	60_primer-funct-2_car-inside-4	37__2_topright	62_2_car-inside-4	54_primer-funct-7_coffee	106__4_bottomright	56_7_coffee	69_primer-funct-3_house-1	76__1_bottomleft	71_3_house-1	9_primer-emo-9_furniture-4	109__3_topleft	11_9_furniture-4	18_primer-funct-1_kitchen	88__4_bottomright	20_1_kitchen	84_primer-emo-7_coffee-1	7__1_bottomleft	86_7_coffee-1	87_primer-emo-2_car-inside	142__1_bottomleft	89_2_car-inside	78_primer-emo-7_coffee-3	58__2_topright	80_7_coffee-3	27_primer-funct-8_instrument-2	73__4_bottomright	29_8_instrument-2	108_primer-emo-1_kitchen-2	100__4_bottomright	110_1_kitchen-2	81_primer-emo-10_boat	139__4_bottomright	83_10_boat	99_primer-emo-4_floor-cleaner-2	112__4_bottomright	101_4_floor-cleaner-2	42_primer-funct-3_house-4	46__1_bottomleft	44_3_house-4	39_primer-emo-4_floor-cleaner-3	115__3_topleft	41_4_floor-cleaner-3	72_primer-funct-10_boat-1	127__4_bottomright	74_10_boat-1	120_primer-funct-6_bag-3	118__1_bottomleft	122_6_bag-3	123_primer-emo-2_car-inside-3	70__2_topright	125_2_car-inside-3	15_primer-funct-6_bag-4	97__2_topright	17_6_bag-4	102_primer-emo-7_coffee-2	55__2_topright	104_7_coffee-2	21_primer-funct-4_floor-cleaner-1	52__2_topright	23_4_floor-cleaner-1	24_primer-emo-1_kitchen-1	67__4_bottomright	26_1_kitchen-1	51_primer-funct-3_house-2	40__3_topleft	53_3_house-2	132_primer-emo-6_bag	130__4_bottomright	134_6_bag	33_primer-funct-8_instrument-4	91__1_bottomleft	35_8_instrument-4	30_primer-funct-4_floor-cleaner	136__2_topright	32_4_floor-cleaner	138_primer-emo-8_instrument-3	25__2_topright	140_8_instrument-3
F	0_primer-emo-4_floor-cleaner-4	124__2_topright	2_4_floor-cleaner-4	135_primer-funct-1_kitchen-4	34__4_bottomright	137_1_kitchen-4	75_primer-emo-3_house	94__1_bottomleft	77_3_house	96_primer-emo-3_house-3	19__4_bottomright	98_3_house-3	93_primer-funct-6_bag-2	13__3_topleft	95_6_bag-2	105_primer-emo-10_boat-3	121__1_bottomleft	107_10_boat-3	12_primer-emo-5_car-front-seat	79__4_bottomright	14_5_car-front-seat	66_primer-funct-6_bag-1	31__3_topleft	68_6_bag-1	45_primer-emo-10_boat-4	10__3_topleft	47_10_boat-4	90_primer-emo-10_boat-2	22__2_topright	92_10_boat-2	129_primer-funct-8_instrument-1	61__1_bottomleft	131_8_instrument-1	48_primer-emo-1_kitchen-3	4__2_topright	50_1_kitchen-3	114_primer-emo-9_furniture-2	82__1_bottomleft	116_9_furniture-2	126_primer-funct-5_car-front-seat-1	16__2_topright	128_5_car-front-seat-1	117_primer-funct-9_furniture-1	133__3_topleft	119_9_furniture-1	3_primer-emo-5_car-front-seat-4	64__3_topleft	5_5_car-front-seat-4	36_primer-emo-9_furniture-3	103__4_bottomright	38_9_furniture-3	141_primer-emo-9_furniture	1__4_bottomright	143_9_furniture	111_primer-funct-2_car-inside-2	85__2_topright	113_2_car-inside-2	57_primer-emo-2_car-inside-1	49__1_bottomleft	59_2_car-inside-1	63_primer-emo-8_instrument	28__2_topright	65_8_instrument	6_primer-emo-7_coffee-4	43__2_topright	8_7_coffee-4	60_primer-emo-2_car-inside-4	37__2_topright	62_2_car-inside-4	54_primer-emo-7_coffee	106__4_bottomright	56_7_coffee	69_primer-emo-3_house-1	76__1_bottomleft	71_3_house-1	9_primer-funct-9_furniture-4	109__3_topleft	11_9_furniture-4	18_primer-emo-1_kitchen	88__4_bottomright	20_1_kitchen	84_primer-funct-7_coffee-1	7__1_bottomleft	86_7_coffee-1	87_primer-funct-2_car-inside	142__1_bottomleft	89_2_car-inside	78_primer-funct-7_coffee-3	58__2_topright	80_7_coffee-3	27_primer-emo-8_instrument-2	73__4_bottomright	29_8_instrument-2	108_primer-funct-1_kitchen-2	100__4_bottomright	110_1_kitchen-2	81_primer-funct-10_boat	139__4_bottomright	83_10_boat	99_primer-funct-4_floor-cleaner-2	112__4_bottomright	101_4_floor-cleaner-2	42_primer-emo-3_house-4	46__1_bottomleft	44_3_house-4	39_primer-funct-4_floor-cleaner-3	115__3_topleft	41_4_floor-cleaner-3	72_primer-emo-10_boat-1	127__4_bottomright	74_10_boat-1	120_primer-emo-6_bag-3	118__1_bottomleft	122_6_bag-3	123_primer-funct-2_car-inside-3	70__2_topright	125_2_car-inside-3	15_primer-emo-6_bag-4	97__2_topright	17_6_bag-4	102_primer-funct-7_coffee-2	55__2_topright	104_7_coffee-2	21_primer-emo-4_floor-cleaner-1	52__2_topright	23_4_floor-cleaner-1	24_primer-funct-1_kitchen-1	67__4_bottomright	26_1_kitchen-1	51_primer-emo-3_house-2	40__3_topleft	53_3_house-2	132_primer-funct-6_bag	130__4_bottomright	134_6_bag	33_primer-emo-8_instrument-4	91__1_bottomleft	35_8_instrument-4	30_primer-emo-4_floor-cleaner	136__2_topright	32_4_floor-cleaner	138_primer-funct-8_instrument-3	25__2_topright	140_8_instrument-3
G	66_primer-emo-6_bag-1	70__2_topright	68_6_bag-1	108_primer-emo-1_kitchen-2	124__2_topright	110_1_kitchen-2	60_primer-funct-2_car-inside-4	127__4_bottomright	62_2_car-inside-4	141_primer-funct-9_furniture	142__1_bottomleft	143_9_furniture	78_primer-emo-7_coffee-3	133__3_topleft	80_7_coffee-3	135_primer-emo-1_kitchen-4	4__2_topright	137_1_kitchen-4	48_primer-funct-1_kitchen-3	115__3_topleft	50_1_kitchen-3	72_primer-funct-10_boat-1	46__1_bottomleft	74_10_boat-1	81_primer-emo-10_boat	100__4_bottomright	83_10_boat	114_primer-funct-9_furniture-2	16__2_topright	116_9_furniture-2	36_primer-funct-9_furniture-3	13__3_topleft	38_9_furniture-3	12_primer-funct-5_car-front-seat	34__4_bottomright	14_5_car-front-seat	111_primer-emo-2_car-inside-2	28__2_topright	113_2_car-inside-2	93_primer-emo-6_bag-2	58__2_topright	95_6_bag-2	75_primer-funct-3_house	91__1_bottomleft	77_3_house	9_primer-emo-9_furniture-4	67__4_bottomright	11_9_furniture-4	21_primer-funct-4_floor-cleaner-1	85__2_topright	23_4_floor-cleaner-1	30_primer-funct-4_floor-cleaner	88__4_bottomright	32_4_floor-cleaner	105_primer-funct-10_boat-3	1__4_bottomright	107_10_boat-3	132_primer-emo-6_bag	7__1_bottomleft	134_6_bag	126_primer-emo-5_car-front-seat-1	55__2_topright	128_5_car-front-seat-1	96_primer-funct-3_house-3	52__2_topright	98_3_house-3	33_primer-funct-8_instrument-4	94__1_bottomleft	35_8_instrument-4	120_primer-funct-6_bag-3	118__1_bottomleft	122_6_bag-3	27_primer-funct-8_instrument-2	31__3_topleft	29_8_instrument-2	18_primer-funct-1_kitchen	103__4_bottomright	20_1_kitchen	69_primer-funct-3_house-1	97__2_topright	71_3_house-1	24_primer-emo-1_kitchen-1	61__1_bottomleft	26_1_kitchen-1	117_primer-emo-9_furniture-1	10__3_topleft	119_9_furniture-1	129_primer-emo-8_instrument-1	64__3_topleft	131_8_instrument-1	6_primer-funct-7_coffee-4	139__4_bottomright	8_7_coffee-4	63_primer-funct-8_instrument	40__3_topleft	65_8_instrument	15_primer-funct-6_bag-4	37__2_topright	17_6_bag-4	99_primer-emo-4_floor-cleaner-2	19__4_bottomright	101_4_floor-cleaner-2	39_primer-emo-4_floor-cleaner-3	136__2_topright	41_4_floor-cleaner-3	3_primer-funct-5_car-front-seat-4	76__1_bottomleft	5_5_car-front-seat-4	54_primer-funct-7_coffee	121__1_bottomleft	56_7_coffee	0_primer-funct-4_floor-cleaner-4	79__4_bottomright	2_4_floor-cleaner-4	102_primer-emo-7_coffee-2	22__2_topright	104_7_coffee-2	42_primer-funct-3_house-4	112__4_bottomright	44_3_house-4	138_primer-emo-8_instrument-3	73__4_bottomright	140_8_instrument-3	45_primer-funct-10_boat-4	106__4_bottomright	47_10_boat-4	87_primer-emo-2_car-inside	109__3_topleft	89_2_car-inside	57_primer-funct-2_car-inside-1	82__1_bottomleft	59_2_car-inside-1	90_primer-funct-10_boat-2	25__2_topright	92_10_boat-2	51_primer-funct-3_house-2	130__4_bottomright	53_3_house-2	84_primer-emo-7_coffee-1	43__2_topright	86_7_coffee-1	123_primer-emo-2_car-inside-3	49__1_bottomleft	125_2_car-inside-3
H	66_primer-funct-6_bag-1	70__2_topright	68_6_bag-1	108_primer-funct-1_kitchen-2	124__2_topright	110_1_kitchen-2	60_primer-emo-2_car-inside-4	127__4_bottomright	62_2_car-inside-4	141_primer-emo-9_furniture	142__1_bottomleft	143_9_furniture	78_primer-funct-7_coffee-3	133__3_topleft	80_7_coffee-3	135_primer-funct-1_kitchen-4	4__2_topright	137_1_kitchen-4	48_primer-emo-1_kitchen-3	115__3_topleft	50_1_kitchen-3	72_primer-emo-10_boat-1	46__1_bottomleft	74_10_boat-1	81_primer-funct-10_boat	100__4_bottomright	83_10_boat	114_primer-emo-9_furniture-2	16__2_topright	116_9_furniture-2	36_primer-emo-9_furniture-3	13__3_topleft	38_9_furniture-3	12_primer-emo-5_car-front-seat	34__4_bottomright	14_5_car-front-seat	111_primer-funct-2_car-inside-2	28__2_topright	113_2_car-inside-2	93_primer-funct-6_bag-2	58__2_topright	95_6_bag-2	75_primer-emo-3_house	91__1_bottomleft	77_3_house	9_primer-funct-9_furniture-4	67__4_bottomright	11_9_furniture-4	21_primer-emo-4_floor-cleaner-1	85__2_topright	23_4_floor-cleaner-1	30_primer-emo-4_floor-cleaner	88__4_bottomright	32_4_floor-cleaner	105_primer-emo-10_boat-3	1__4_bottomright	107_10_boat-3	132_primer-funct-6_bag	7__1_bottomleft	134_6_bag	126_primer-funct-5_car-front-seat-1	55__2_topright	128_5_car-front-seat-1	96_primer-emo-3_house-3	52__2_topright	98_3_house-3	33_primer-emo-8_instrument-4	94__1_bottomleft	35_8_instrument-4	120_primer-emo-6_bag-3	118__1_bottomleft	122_6_bag-3	27_primer-emo-8_instrument-2	31__3_topleft	29_8_instrument-2	18_primer-emo-1_kitchen	103__4_bottomright	20_1_kitchen	69_primer-emo-3_house-1	97__2_topright	71_3_house-1	24_primer-funct-1_kitchen-1	61__1_bottomleft	26_1_kitchen-1	117_primer-funct-9_furniture-1	10__3_topleft	119_9_furniture-1	129_primer-funct-8_instrument-1	64__3_topleft	131_8_instrument-1	6_primer-emo-7_coffee-4	139__4_bottomright	8_7_coffee-4	63_primer-emo-8_instrument	40__3_topleft	65_8_instrument	15_primer-emo-6_bag-4	37__2_topright	17_6_bag-4	99_primer-funct-4_floor-cleaner-2	19__4_bottomright	101_4_floor-cleaner-2	39_primer-funct-4_floor-cleaner-3	136__2_topright	41_4_floor-cleaner-3	3_primer-emo-5_car-front-seat-4	76__1_bottomleft	5_5_car-front-seat-4	54_primer-emo-7_coffee	121__1_bottomleft	56_7_coffee	0_primer-emo-4_floor-cleaner-4	79__4_bottomright	2_4_floor-cleaner-4	102_primer-funct-7_coffee-2	22__2_topright	104_7_coffee-2	42_primer-emo-3_house-4	112__4_bottomright	44_3_house-4	138_primer-funct-8_instrument-3	73__4_bottomright	140_8_instrument-3	45_primer-emo-10_boat-4	106__4_bottomright	47_10_boat-4	87_primer-funct-2_car-inside	109__3_topleft	89_2_car-inside	57_primer-emo-2_car-inside-1	82__1_bottomleft	59_2_car-inside-1	90_primer-emo-10_boat-2	25__2_topright	92_10_boat-2	51_primer-emo-3_house-2	130__4_bottomright	53_3_house-2	84_primer-funct-7_coffee-1	43__2_topright	86_7_coffee-1	123_primer-funct-2_car-inside-3	49__1_bottomleft	125_2_car-inside-3
I	135_primer-emo-1_kitchen-4	115__3_topleft	137_1_kitchen-4	114_primer-funct-9_furniture-2	10__3_topleft	116_9_furniture-2	57_primer-funct-2_car-inside-1	70__2_topright	59_2_car-inside-1	15_primer-funct-6_bag-4	76__1_bottomleft	17_6_bag-4	36_primer-funct-9_furniture-3	109__3_topleft	38_9_furniture-3	51_primer-funct-3_house-2	7__1_bottomleft	53_3_house-2	24_primer-emo-1_kitchen-1	4__2_topright	26_1_kitchen-1	48_primer-funct-1_kitchen-3	85__2_topright	50_1_kitchen-3	33_primer-funct-8_instrument-4	13__3_topleft	35_8_instrument-4	30_primer-funct-4_floor-cleaner	91__1_bottomleft	32_4_floor-cleaner	90_primer-funct-10_boat-2	49__1_bottomleft	92_10_boat-2	9_primer-emo-9_furniture-4	139__4_bottomright	11_9_furniture-4	60_primer-funct-2_car-inside-4	52__2_topright	62_2_car-inside-4	132_primer-emo-6_bag	82__1_bottomleft	134_6_bag	72_primer-funct-10_boat-1	43__2_topright	74_10_boat-1	66_primer-emo-6_bag-1	94__1_bottomleft	68_6_bag-1	111_primer-emo-2_car-inside-2	31__3_topleft	113_2_car-inside-2	84_primer-emo-7_coffee-1	136__2_topright	86_7_coffee-1	102_primer-emo-7_coffee-2	1__4_bottomright	104_7_coffee-2	69_primer-funct-3_house-1	97__2_topright	71_3_house-1	3_primer-funct-5_car-front-seat-4	142__1_bottomleft	5_5_car-front-seat-4	126_primer-emo-5_car-front-seat-1	124__2_topright	128_5_car-front-seat-1	54_primer-funct-7_coffee	40__3_topleft	56_7_coffee	45_primer-funct-10_boat-4	100__4_bottomright	47_10_boat-4	42_primer-funct-3_house-4	16__2_topright	44_3_house-4	117_primer-emo-9_furniture-1	130__4_bottomright	119_9_furniture-1	99_primer-emo-4_floor-cleaner-2	103__4_bottomright	101_4_floor-cleaner-2	12_primer-funct-5_car-front-seat	121__1_bottomleft	14_5_car-front-seat	21_primer-funct-4_floor-cleaner-1	46__1_bottomleft	23_4_floor-cleaner-1	6_primer-funct-7_coffee-4	79__4_bottomright	8_7_coffee-4	78_primer-emo-7_coffee-3	133__3_topleft	80_7_coffee-3	141_primer-funct-9_furniture	58__2_topright	143_9_furniture	129_primer-emo-8_instrument-1	118__1_bottomleft	131_8_instrument-1	63_primer-funct-8_instrument	37__2_topright	65_8_instrument	27_primer-funct-8_instrument-2	88__4_bottomright	29_8_instrument-2	120_primer-funct-6_bag-3	73__4_bottomright	122_6_bag-3	81_primer-emo-10_boat	67__4_bottomright	83_10_boat	105_primer-funct-10_boat-3	106__4_bottomright	107_10_boat-3	108_primer-emo-1_kitchen-2	25__2_topright	110_1_kitchen-2	75_primer-funct-3_house	22__2_topright	77_3_house	39_primer-emo-4_floor-cleaner-3	64__3_topleft	41_4_floor-cleaner-3	123_primer-emo-2_car-inside-3	112__4_bottomright	125_2_car-inside-3	87_primer-emo-2_car-inside	127__4_bottomright	89_2_car-inside	138_primer-emo-8_instrument-3	19__4_bottomright	140_8_instrument-3	93_primer-emo-6_bag-2	28__2_topright	95_6_bag-2	0_primer-funct-4_floor-cleaner-4	34__4_bottomright	2_4_floor-cleaner-4	96_primer-funct-3_house-3	61__1_bottomleft	98_3_house-3	18_primer-funct-1_kitchen	55__2_topright	20_1_kitchen
J	135_primer-funct-1_kitchen-4	115__3_topleft	137_1_kitchen-4	114_primer-emo-9_furniture-2	10__3_topleft	116_9_furniture-2	57_primer-emo-2_car-inside-1	70__2_topright	59_2_car-inside-1	15_primer-emo-6_bag-4	76__1_bottomleft	17_6_bag-4	36_primer-emo-9_furniture-3	109__3_topleft	38_9_furniture-3	51_primer-emo-3_house-2	7__1_bottomleft	53_3_house-2	24_primer-funct-1_kitchen-1	4__2_topright	26_1_kitchen-1	48_primer-emo-1_kitchen-3	85__2_topright	50_1_kitchen-3	33_primer-emo-8_instrument-4	13__3_topleft	35_8_instrument-4	30_primer-emo-4_floor-cleaner	91__1_bottomleft	32_4_floor-cleaner	90_primer-emo-10_boat-2	49__1_bottomleft	92_10_boat-2	9_primer-funct-9_furniture-4	139__4_bottomright	11_9_furniture-4	60_primer-emo-2_car-inside-4	52__2_topright	62_2_car-inside-4	132_primer-funct-6_bag	82__1_bottomleft	134_6_bag	72_primer-emo-10_boat-1	43__2_topright	74_10_boat-1	66_primer-funct-6_bag-1	94__1_bottomleft	68_6_bag-1	111_primer-funct-2_car-inside-2	31__3_topleft	113_2_car-inside-2	84_primer-funct-7_coffee-1	136__2_topright	86_7_coffee-1	102_primer-funct-7_coffee-2	1__4_bottomright	104_7_coffee-2	69_primer-emo-3_house-1	97__2_topright	71_3_house-1	3_primer-emo-5_car-front-seat-4	142__1_bottomleft	5_5_car-front-seat-4	126_primer-funct-5_car-front-seat-1	124__2_topright	128_5_car-front-seat-1	54_primer-emo-7_coffee	40__3_topleft	56_7_coffee	45_primer-emo-10_boat-4	100__4_bottomright	47_10_boat-4	42_primer-emo-3_house-4	16__2_topright	44_3_house-4	117_primer-funct-9_furniture-1	130__4_bottomright	119_9_furniture-1	99_primer-funct-4_floor-cleaner-2	103__4_bottomright	101_4_floor-cleaner-2	12_primer-emo-5_car-front-seat	121__1_bottomleft	14_5_car-front-seat	21_primer-emo-4_floor-cleaner-1	46__1_bottomleft	23_4_floor-cleaner-1	6_primer-emo-7_coffee-4	79__4_bottomright	8_7_coffee-4	78_primer-funct-7_coffee-3	133__3_topleft	80_7_coffee-3	141_primer-emo-9_furniture	58__2_topright	143_9_furniture	129_primer-funct-8_instrument-1	118__1_bottomleft	131_8_instrument-1	63_primer-emo-8_instrument	37__2_topright	65_8_instrument	27_primer-emo-8_instrument-2	88__4_bottomright	29_8_instrument-2	120_primer-emo-6_bag-3	73__4_bottomright	122_6_bag-3	81_primer-funct-10_boat	67__4_bottomright	83_10_boat	105_primer-emo-10_boat-3	106__4_bottomright	107_10_boat-3	108_primer-funct-1_kitchen-2	25__2_topright	110_1_kitchen-2	75_primer-emo-3_house	22__2_topright	77_3_house	39_primer-funct-4_floor-cleaner-3	64__3_topleft	41_4_floor-cleaner-3	123_primer-funct-2_car-inside-3	112__4_bottomright	125_2_car-inside-3	87_primer-funct-2_car-inside	127__4_bottomright	89_2_car-inside	138_primer-funct-8_instrument-3	19__4_bottomright	140_8_instrument-3	93_primer-funct-6_bag-2	28__2_topright	95_6_bag-2	0_primer-emo-4_floor-cleaner-4	34__4_bottomright	2_4_floor-cleaner-4	96_primer-emo-3_house-3	61__1_bottomleft	98_3_house-3	18_primer-emo-1_kitchen	55__2_topright	20_1_kitchen
K	108_primer-emo-1_kitchen-2	37__2_topright	110_1_kitchen-2	72_primer-funct-10_boat-1	16__2_topright	74_10_boat-1	93_primer-emo-6_bag-2	52__2_topright	95_6_bag-2	138_primer-emo-8_instrument-3	115__3_topleft	140_8_instrument-3	30_primer-funct-4_floor-cleaner	25__2_topright	32_4_floor-cleaner	78_primer-emo-7_coffee-3	49__1_bottomleft	80_7_coffee-3	33_primer-funct-8_instrument-4	61__1_bottomleft	35_8_instrument-4	81_primer-emo-10_boat	70__2_topright	83_10_boat	117_primer-emo-9_furniture-1	121__1_bottomleft	119_9_furniture-1	63_primer-funct-8_instrument	88__4_bottomright	65_8_instrument	15_primer-funct-6_bag-4	94__1_bottomleft	17_6_bag-4	123_primer-emo-2_car-inside-3	112__4_bottomright	125_2_car-inside-3	99_primer-emo-4_floor-cleaner-2	103__4_bottomright	101_4_floor-cleaner-2	27_primer-funct-8_instrument-2	7__1_bottomleft	29_8_instrument-2	48_primer-funct-1_kitchen-3	118__1_bottomleft	50_1_kitchen-3	42_primer-funct-3_house-4	31__3_topleft	44_3_house-4	36_primer-funct-9_furniture-3	67__4_bottomright	38_9_furniture-3	120_primer-funct-6_bag-3	64__3_topleft	122_6_bag-3	135_primer-emo-1_kitchen-4	43__2_topright	137_1_kitchen-4	54_primer-funct-7_coffee	79__4_bottomright	56_7_coffee	45_primer-funct-10_boat-4	55__2_topright	47_10_boat-4	69_primer-funct-3_house-1	1__4_bottomright	71_3_house-1	57_primer-funct-2_car-inside-1	13__3_topleft	59_2_car-inside-1	126_primer-emo-5_car-front-seat-1	109__3_topleft	128_5_car-front-seat-1	105_primer-funct-10_boat-3	133__3_topleft	107_10_boat-3	66_primer-emo-6_bag-1	106__4_bottomright	68_6_bag-1	75_primer-funct-3_house	97__2_topright	77_3_house	84_primer-emo-7_coffee-1	10__3_topleft	86_7_coffee-1	39_primer-emo-4_floor-cleaner-3	40__3_topleft	41_4_floor-cleaner-3	114_primer-funct-9_furniture-2	91__1_bottomleft	116_9_furniture-2	111_primer-emo-2_car-inside-2	85__2_topright	113_2_car-inside-2	96_primer-funct-3_house-3	142__1_bottomleft	98_3_house-3	12_primer-funct-5_car-front-seat	28__2_topright	14_5_car-front-seat	129_primer-emo-8_instrument-1	22__2_topright	131_8_instrument-1	141_primer-funct-9_furniture	100__4_bottomright	143_9_furniture	9_primer-emo-9_furniture-4	76__1_bottomleft	11_9_furniture-4	87_primer-emo-2_car-inside	19__4_bottomright	89_2_car-inside	90_primer-funct-10_boat-2	4__2_topright	92_10_boat-2	3_primer-funct-5_car-front-seat-4	136__2_topright	5_5_car-front-seat-4	24_primer-emo-1_kitchen-1	139__4_bottomright	26_1_kitchen-1	18_primer-funct-1_kitchen	58__2_topright	20_1_kitchen	0_primer-funct-4_floor-cleaner-4	34__4_bottomright	2_4_floor-cleaner-4	51_primer-funct-3_house-2	46__1_bottomleft	53_3_house-2	60_primer-funct-2_car-inside-4	124__2_topright	62_2_car-inside-4	132_primer-emo-6_bag	82__1_bottomleft	134_6_bag	102_primer-emo-7_coffee-2	127__4_bottomright	104_7_coffee-2	6_primer-funct-7_coffee-4	73__4_bottomright	8_7_coffee-4	21_primer-funct-4_floor-cleaner-1	130__4_bottomright	23_4_floor-cleaner-1
L	108_primer-funct-1_kitchen-2	37__2_topright	110_1_kitchen-2	72_primer-emo-10_boat-1	16__2_topright	74_10_boat-1	93_primer-funct-6_bag-2	52__2_topright	95_6_bag-2	138_primer-funct-8_instrument-3	115__3_topleft	140_8_instrument-3	30_primer-emo-4_floor-cleaner	25__2_topright	32_4_floor-cleaner	78_primer-funct-7_coffee-3	49__1_bottomleft	80_7_coffee-3	33_primer-emo-8_instrument-4	61__1_bottomleft	35_8_instrument-4	81_primer-funct-10_boat	70__2_topright	83_10_boat	117_primer-funct-9_furniture-1	121__1_bottomleft	119_9_furniture-1	63_primer-emo-8_instrument	88__4_bottomright	65_8_instrument	15_primer-emo-6_bag-4	94__1_bottomleft	17_6_bag-4	123_primer-funct-2_car-inside-3	112__4_bottomright	125_2_car-inside-3	99_primer-funct-4_floor-cleaner-2	103__4_bottomright	101_4_floor-cleaner-2	27_primer-emo-8_instrument-2	7__1_bottomleft	29_8_instrument-2	48_primer-emo-1_kitchen-3	118__1_bottomleft	50_1_kitchen-3	42_primer-emo-3_house-4	31__3_topleft	44_3_house-4	36_primer-emo-9_furniture-3	67__4_bottomright	38_9_furniture-3	120_primer-emo-6_bag-3	64__3_topleft	122_6_bag-3	135_primer-funct-1_kitchen-4	43__2_topright	137_1_kitchen-4	54_primer-emo-7_coffee	79__4_bottomright	56_7_coffee	45_primer-emo-10_boat-4	55__2_topright	47_10_boat-4	69_primer-emo-3_house-1	1__4_bottomright	71_3_house-1	57_primer-emo-2_car-inside-1	13__3_topleft	59_2_car-inside-1	126_primer-funct-5_car-front-seat-1	109__3_topleft	128_5_car-front-seat-1	105_primer-emo-10_boat-3	133__3_topleft	107_10_boat-3	66_primer-funct-6_bag-1	106__4_bottomright	68_6_bag-1	75_primer-emo-3_house	97__2_topright	77_3_house	84_primer-funct-7_coffee-1	10__3_topleft	86_7_coffee-1	39_primer-funct-4_floor-cleaner-3	40__3_topleft	41_4_floor-cleaner-3	114_primer-emo-9_furniture-2	91__1_bottomleft	116_9_furniture-2	111_primer-funct-2_car-inside-2	85__2_topright	113_2_car-inside-2	96_primer-emo-3_house-3	142__1_bottomleft	98_3_house-3	12_primer-emo-5_car-front-seat	28__2_topright	14_5_car-front-seat	129_primer-funct-8_instrument-1	22__2_topright	131_8_instrument-1	141_primer-emo-9_furniture	100__4_bottomright	143_9_furniture	9_primer-funct-9_furniture-4	76__1_bottomleft	11_9_furniture-4	87_primer-funct-2_car-inside	19__4_bottomright	89_2_car-inside	90_primer-emo-10_boat-2	4__2_topright	92_10_boat-2	3_primer-emo-5_car-front-seat-4	136__2_topright	5_5_car-front-seat-4	24_primer-funct-1_kitchen-1	139__4_bottomright	26_1_kitchen-1	18_primer-emo-1_kitchen	58__2_topright	20_1_kitchen	0_primer-emo-4_floor-cleaner-4	34__4_bottomright	2_4_floor-cleaner-4	51_primer-emo-3_house-2	46__1_bottomleft	53_3_house-2	60_primer-emo-2_car-inside-4	124__2_topright	62_2_car-inside-4	132_primer-funct-6_bag	82__1_bottomleft	134_6_bag	102_primer-funct-7_coffee-2	127__4_bottomright	104_7_coffee-2	6_primer-emo-7_coffee-4	73__4_bottomright	8_7_coffee-4	21_primer-emo-4_floor-cleaner-1	130__4_bottomright	23_4_floor-cleaner-1
